Example Domain,"This domain is for use in illustrative examples in documents. You may use this
    domain in literature without prior coordination or asking for permission.",https://www.iana.org/domains/example
Example Domain,"This domain is for use in illustrative examples in documents. You may use this
    domain in literature without prior coordination or asking for permission.",https://www.iana.org/domains/example
Example Domain,"This domain is for use in illustrative examples in documents. You may use this
    domain in literature without prior coordination or asking for permission.",https://www.iana.org/domains/example
Example Domain,"This domain is for use in illustrative examples in documents. You may use this
    domain in literature without prior coordination or asking for permission.",https://www.iana.org/domains/example
Example Domain,"This domain is for use in illustrative examples in documents. You may use this
    domain in literature without prior coordination or asking for permission.",https://www.iana.org/domains/example
Example Domain,"This domain is for use in illustrative examples in documents. You may use this
    domain in literature without prior coordination or asking for permission.",https://www.iana.org/domains/example
Example Domain,"This domain is for use in illustrative examples in documents. You may use this
    domain in literature without prior coordination or asking for permission.",https://www.iana.org/domains/example
Example Domain,"This domain is for use in illustrative examples in documents. You may use this
    domain in literature without prior coordination or asking for permission.",https://www.iana.org/domains/example
Example Domain,"This domain is for use in illustrative examples in documents. You may use this
    domain in literature without prior coordination or asking for permission.",https://www.iana.org/domains/example
Example Domains,"As described in RFC 2606 and RFC 6761, a
number of domains such as example.com and example.org are maintained
for documentation purposes. These domains may be used as illustrative
examples in documents without prior coordination with us. They are not
available for registration or transfer.",/
